Book Name,Category,URL
Rich Dad Poor Dad,Finance,https://archive.org/download/rich-dad-poor-dad_202106/Rich%20Dad%20Poor%20Dad.pdf
The Intelligent Investor,Finance,http://dspace.kottakkalfarookcollege.edu.in:8001/jspui/bitstream/123456789/7905/1/The%20Intelligent%20Investor%20%28%20PDFDrive%20%29%20%281%29.pdf
Think and Grow Rich,Finance,https://apex.oracle.com/pls/apex/lonestar/r/files/static/v13Y/Think-And-Grow-Rich_2011-06.pdf
Your Money or Your Life,Finance,https://unmhonorsart.files.wordpress.com/2016/07/201610060921278241.pdf
The Millionaire Next Door,Finance,https://www.edelweissmf.com/Files/Insigths/booksummary/pdf/EMF_BookSummary_TheMillionaireNextDoor.pdf
The Total Money Makeover,Finance,https://finance.uonbi.ac.ke/sites/finance.uonbi.ac.ke/files/The%20Total%20Money%20Makeover%20-%20Dave%20Ramsey.pdf
The Psychology of Money,Finance,https://inspiredbyislam.wordpress.com/wp-content/uploads/2022/08/the-psychology-of-money-timeless-lessons-on-wealth-greed-and-happiness-morgan-housel-z-lib.org_.pdf
Unshakeable,Finance,https://irp-cdn.multiscreensite.com/cb9165b2/files/uploaded/Unshakeable_%20Your%20Financial%20Freedom%20Playbook%20(%20PDFDrive.com%20).pdf
I Will Teach You to Be Rich,Finance,https://www.iwillteachyoutoberich.com/wp-content/uploads/2023/01/IWillTeachYoutoBeRich-Chapter1.pdf
The Simple Path to Wealth,Finance,https://cdn.bookey.app/files/pdf/book/en/the-simple-path-to-wealth.pdf
Money: Master the Game,Finance,https://bestbenefitsolutions.com/uploads/3/4/7/0/34704235/money_master_the_game__7_simple_-_tony_robbins.pdf
Broke Millennial,Finance,https://yourknowledgedigest.org/wp-content/uploads/2020/04/broke-millennial.pdf
The Barefoot Investor,Finance,https://www.edelweissmf.com/Files/Insigths/booksummary/pdf/Barefoot_Investor1_15062023_123709_PM.pdf
Financial Freedom,Finance,https://yis.org/yiscourse/frontend/pdf/YIS%20Module%201%20-%20Five%20Steps%20to%20Financial%20Freedom.pdf
Dollars and Sense,Finance,https://www.richmondfed.org/-/media/richmondfedorg/education/for_teachers/lesson_plans_and_classroom_activities/pdf/dollars_sense.pdf
The Richest Man in Babylon,Finance,https://thediamondsmine.com/files/Ebooks/Clason-RichestManInBabylon.pdf
One Up on Wall Street,Finance,https://yourknowledgedigest.org/wp-content/uploads/2020/04/one-up-on-wall-street.pdf
A Random Walk Down Wall Street,Finance,https://yourknowledgedigest.org/wp-content/uploads/2020/04/a-random-walk-down-wall-street.pdf
Principles: Life and Work,Finance,https://kolegite.com/EE_library/books_and_lectures/%D0%94%D1%80%D1%83%D0%B3%D0%B8/top%20self-develovment%20books/Principles_Life_and_Work_Ray_Dalio.pdf
Security Analysis,Finance,https://glenbradford.com/files/Stocks/security-analysis-benjamin-graham-6th-edition-pdf-february-24-2010-12-08-am-3-0-meg.pdf
Common Stocks and Uncommon Profits,Finance,https://archive.org/download/common_stocks_and_uncommon_profits_and_other_writings/common_stocks_and_uncommon_profits_and_other_writings.pdf
The Little Book of Common Sense Investing,Finance,https://s3.amazonaws.com/appforest_uf/f1548678496593x485255667442610300/Little%20Book%20Of%20Common%20Sense%20Investing%20%28%20PDFDrive.com%20%29.pdf
The Wealthy Gardener,Finance,https://cdn.bookey.app/files/pdf/book/en/the-wealthy-gardener.pdf
Quit Like a Millionaire,Finance,https://goodbooksummary.s3.us-east-2.amazonaws.com/Quit+Like+a+Millionaire+by+Kristy+Shen%2C+Bryce+Leung+Book+Summary.pdf
The Automatic Millionaire,Finance,https://davidbach.com/wp-content/uploads/2016/04/AutoMillionaireWorkbook_Compressed.pdf
Early Retirement Extreme,Finance,https://cdn.bookey.app/files/pdf/book/en/early-retirement-extreme.pdf
Liar's Poker,Finance,https://altexploit.wordpress.com/wp-content/uploads/2017/09/michael-lewis-liars-poker_-rising-through-the-wreckage-on-wall-street-penguin-books-1990.pdf
Flash Boys,Finance,https://archive.org/download/B-001-000-192/B-001-000-192.pdf
The Essays of Warren Buffett,Finance,http://csinvesting.org/wp-content/uploads/2015/05/Essays-of-Warren-Buffett-_-Lessons-for-Corporate-America_Cunningham.pdf
"Thinking, Fast and Slow",Psychology,https://archive.org/download/DanielKahnemanThinkingFastAndSlow/Daniel%20Kahneman-Thinking%2C%20Fast%20and%20Slow%20%20.pdf
Influence: The Psychology of Persuasion,Psychology,https://archive.org/download/ThePsychologyOfPersuasion/The%20Psychology%20of%20Persuasion.pdf
Flow: The Psychology of Optimal Experience,Psychology,https://blogs.baruch.cuny.edu/authenticityandastonishment2/files/2013/04/Mihaly-Csikszentmihalyi-Flow1.pdf
Predictably Irrational,Psychology,https://radio.shabanali.com/predictable.pdf
The Paradox of Choice,Psychology,https://www.shabanali.com/upload/poc.pdf
Drive,Psychology,https://drive.gov.in/static/assets/UserManual.pdf
Blink,Psychology,https://www.ashaekhope.com/wp-content/uploads/2025/03/blink-to-speak-english.pdf
The Social Animal,Psychology,https://khanahmadli.wordpress.com/wp-content/uploads/2019/01/the-social-animal.pdf
Stumbling on Happiness,Psychology,https://imp.dayawisesa.com/wp-content/uploads/2023/09/Stumbling-on-happiness-by-Daniel-Todd-Gilbert-z-lib.org_.pdf
The Power of Habit,Psychology,https://hoormazd.com/wp-content/uploads/2018/12/The-Power-of-Habit-Charles-Duhigg.pdf
Emotional Intelligence,Psychology,https://www.cu.edu/sites/default/files/EI%20Participant%20Guide%20Updated%202015.pdf
Quiet,Psychology,https://www.apsu.edu/writingcenter/writing-resources/Quiet-Quite-Quit-Cite-Sight-Site.pdf
Grit,Psychology,https://www.apa.org/pubs/journals/features/edu-edu0000594.pdf
Behave,Psychology,http://sackett.net/sapolsky_behave.pdf
Mindset,Psychology,https://adrvantage.com/wp-content/uploads/2023/02/Mindset-The-New-Psychology-of-Success-Dweck.pdf
The Lucifer Effect,Psychology,https://dl1.cuni.cz/pluginfile.php/607976/mod_resource/content/1/Lucifer_Effect.pdf
You Are Not So Smart,Psychology,https://dutraeconomicus.files.wordpress.com/2014/02/you-are-not-so-smart.pdf
The Happiness Hypothesis,Psychology,https://www.happinesshypothesis.com/happiness-hypothesis-ch1.pdf
The Art of Thinking Clearly,Psychology,http://xqdoc.imedao.com/166eb7278f3556e3fe9dc3ef.pdf

The Willpower Instinct,Psychology,https://k16.cuny.edu/wp-content/uploads/sites/16/2016/12/LH-the_willpower_instinct_how_self_control_works_why_-8-15-2016.pdf
The Psychology of Money,Psychology,https://inspiredbyislam.wordpress.com/wp-content/uploads/2022/08/the-psychology-of-money-timeless-lessons-on-wealth-greed-and-happiness-morgan-housel-z-lib.org_.pdf
Mistakes Were Made (But Not by Me),Psychology,http://r.bournemouth.ac.uk:82/share/Mistakes%20Were%20Made%20But%20Not%20By%20Me.pdf
Rewire,Psychology,https://www.enisa.europa.eu/events/european-cybersecurity-skills-framework-ecsf-2022/a4-rewire.pdf
The Brain That Changes Itself,Psychology,https://yurttutan.info/wp-content/uploads/2017/12/Doidge-Brain-Changes-Itself.pdf
The Laws of Human Nature,Psychology,https://profilebooks.com/wp-content/uploads/wpallimport/files/PDFs/9781781259191_preview.pdf
The Honest Truth About Dishonesty,Psychology,https://id-ont.org/images/pdf/the_honest_truth_about_dishones_-_dan_ariely.pdf
Games People Play,Psychology,https://ccpgc.usmf.md/sites/default/files/inline-files/Games%20People%20Play%20The%20Psychology%20of%20Human%20Relationships%20by%20Eric%20Berne%20%28z-lib.org%29.pdf
The Noonday Demon,Depression,https://spjnewswire.jrn.columbia.edu/display?rackid=R97o692&FilesData=By+Andrew+Solomon+The+Noonday+Demon+An+Atlas+Of+Depression.pdf
Reasons to Stay Alive,Depression,https://ocdaction.org.uk/wp-content/uploads/2020/03/reasons_to_stay_alive.pdf
Feeling Good,Depression,https://www.ecml.at/Portals/1/5MTP/Schank/documents/Feeling-Good.pdf
The Bell Jar,Depression,https://openlibrary-repo.ecampusontario.ca/jspui/bitstream/123456789/1145/4/The-Bell-Jar-1645639688._print.pdf
Darkness Visible,Depression,https://escriturasdeguerraunlp.files.wordpress.com/2014/10/johnson-darkness-visible.pdf
The Mindful Way Through Depression,Depression,https://www.cambridge.org/core/services/aop-cambridge-core/content/view/B9434FEED3F92EA122444DCD930FC9E4/S0007125000247892a.pdf/the_mindful_way_through_depression_freeing_yourself_from_chronic_unhappiness_by_mark_williams_john_teasdale_zindel_segal_jon_kabatzinn_guilford_publications_2007_278pp_us_1995_pb_isbn_9781593851286.pdf
Undoing Depression,Depression,https://cdn.bookey.app/files/pdf/book/en/undoing-depression.pdf
Man's Search for Meaning,Depression,https://antilogicalism.com/wp-content/uploads/2017/07/mans-search-for-meaning.pdf
The Happiness Trap,Depression,https://cabct.hr/wp-content/uploads/2016/10/The-Happiness-Trap-Harris-R1.pdf
This Is Depression,Depression,https://www.nj.gov/humanservices/dmhas/publications/miscl/MH_Fact_Sheets/NIMH_Depression.pdf
Depression: The Mood Disease,Depression,https://apps.who.int/iris/bitstream/handle/10665/254610/WHO-MSD-MER-2017.2-eng.pdf
Out of the Darkened Room,Depression,Not Found
The Depression Cure,Depression,https://www.nj.gov/humanservices/dmhas/publications/miscl/MH_Fact_Sheets/NIMH_Depression.pdf
Telling Yourself the Truth,Depression,https://cdn.bookey.app/files/pdf/book/en/telling-yourself-the-truth.pdf
The Antidepressant Book,Depression,https://link.springer.com/content/pdf/10.1023/A:1012254112670.pdf
Get Out of Your Mind and Into Your Life,Depression,https://tantor-site-assets.s3.amazonaws.com/bonus-content/B0538_MindLife/B0538_MindLife_BonusPDF.pdf
Against Depression,Depression,https://www.european-depression-day.de/wp-content/uploads/2021/09/DepressionManifesto2.pdf
Beyond Blue,Depression,https://esf.com.au/wp-content/uploads/2021/06/Beyond-Blue-phase-three-report.pdf
Night Falls Fast,Depression,https://api.motion.ac.in/textbook-solutions/threads/_pdfs/night_falls_fast_understanding_suicide_vintage.pdf
When Someone You Love is Depressed,Depression,https://www.sadag.org/images/brochures/Helping-a-Depressed-Loved-One.pdf
Cognitive Behavioral Therapy Made Simple,Depression,https://www.hpft.nhs.uk/media/1655/wellbeing-team-cbt-workshop-booklet-2016.pdf
The Mindful Way Workbook,Depression,https://www.mindful-way.com/wp-content/uploads/2021/01/Mindful-Way-Hugh-MBSR-Workbook-V1.2019.pdf
The Disappearance of the Universe,Depression,https://cdn.bookey.app/files/pdf/book/en/the-disappearance-of-the-universe.pdf
The Gifts of Imperfection,Depression,https://ati.dae.gov.in/ati12052021_4.pdf
How to Stop Worrying and Start Living,Depression,https://crpf.gov.in/writereaddata/images/pdf/How_To_Stop_Worrying_And_Start_Living.pdf
Unstuck,Depression,https://www.childrensmercy.org/siteassets/media-documents-for-depts-section/departments/gastroenterology/getting-unstuck.pdf
Dare,Anxiety,https://www.ojp.gov/pdffiles/darefs.pdf
The Anxiety and Phobia Workbook,Anxiety,https://todaytelemedicine.com/wp-content/uploads/2023/12/The-Anxiety-and-Phobia-Workbook-Edmund-J.-Bourne.pdf
My Age of Anxiety,Anxiety,https://cdn.bookey.app/files/pdf/book/en/my-age-of-anxiety.pdf
Rewire Your Anxious Brain,Anxiety,https://hypnotherapycenter.co.za/wp-content/uploads/2020/10/Rewire-Your-Anxious-Brain_-How-to-Use-the-Neuroscience-of-Fear-to-End-Anxiety-Panic-and-Worry.pdf
The Worry Trick,Anxiety,https://cdn.bookey.app/files/pdf/book/en/the-worry-trick.pdf
Anxiety Relief,Anxiety,https://polytechnic.purdue.edu/sites/default/files/files/PCOT%20Columbus/Natural%20Ways%20of%20Dealing%20with%20Anxiety%20Without%20Medications_PCCAPS.pdf
At Last a Life,Anxiety,https://cdn.bookey.app/files/pdf/book/en/at-last-a-life.pdf
Feeling Good,Anxiety,https://www.ecml.at/Portals/1/5MTP/Schank/documents/Feeling-Good.pdf
Hope and Help for Your Nerves,Anxiety,https://ebookk.ir/wp-content/uploads/2024/01/Hope-and-Help-for-Your-Nerves_p01-20.pdf
The Anxiety Toolkit,Anxiety,https://www.colorado.edu/counseling/sites/default/files/attached-files/tele_anxiety_toolbox_student_workbook_session_1.pdf
The Highly Sensitive Person,Anxiety,https://www.chirucounselling.ca/resources/The%20Highly%20Sensitive%20Person-%20%20Survival%20guide.pdf
When Panic Attacks,Anxiety,https://www.cci.health.wa.gov.au/~/media/CCI/Consumer-Modules/When-Panic-Attacks/When-Panic-Attacks---Module-5---Facing-Feared-Situations.pdf
The Mindful Way Through Anxiety,Anxiety,https://cdn.bookey.app/files/pdf/book/en/the-mindful-way-through-anxiety.pdf
Stop Anxiety from Stopping You,Anxiety,https://secure.talentheromedia.com/86814663/yalooft/amistakenx/gplainp/Stop+Anxiety+from+Stopping+You:+The+Breakthrough+Program+For+Conquering+Panic+and+Social+Anxiety.pdf
Mastery of Your Anxiety and Panic,Anxiety,https://academic.oup.com/book/41296/book-pdf/47173480/med-9780197584057.pdf
Anxiety: Panicking about Panic,Anxiety,http://dni.dali.dartmouth.edu/olui0jk112z8/12-prof-verdie-schowalter-2/read-1500117927-anxiety-panicking-about-panic-a-powerful-self-he.pdf
The 10 Best-Ever Anxiety Management Techniques,Anxiety,https://crpf.gov.in/writereaddata/images/pdf/The_Stress_Management.pdf
The CBT Workbook for Anxiety,Anxiety,https://www.hpft.nhs.uk/media/1655/wellbeing-team-cbt-workshop-booklet-2016.pdf
Atomic Habits,Self-Improvement,https://archive.org/download/atomic-habits-pdfdrive/Atomic%20habits%20%28%20PDFDrive%20%29.pdf
The 7 Habits of Highly Effective People,Self-Improvement,https://ati.dae.gov.in/ati12052021_1.pdf
How to Win Friends and Influence People,Self-Improvement,https://www.rfpmm.org/pdf/how-to-win-friends-and-influence-people.pdf
The Subtle Art of Not Giving a F*ck,Self-Improvement,https://nibmehub.com/opac-service/pdf/read/The%20Subtle%20Art%20of%20Not%20Giving%20a%20Fck%20A%20Counterintuitive%20Approach%20to%20Living%20a%20Good%20Life%20by%20Mark%20Manson%20(z-lib.org).pdf
Think and Grow Rich,Self-Improvement,https://apex.oracle.com/pls/apex/lonestar/r/files/static/v13Y/Think-And-Grow-Rich_2011-06.pdf
The Four Agreements,Self-Improvement,https://media.cmsmax.com/6j0m187z6e9h2yqesif6w/the-four-agreements-by-don-miguel-ruiz.pdf
Can't Hurt Me,Self-Improvement,http://166.70.226.41/get/pdf/Can%26%2339%3Bt%20Hurt%20Me_%20Master%20Your%20Mind%20and%20Defy%20the%20Odds%20-%20David%20Goggins_48658.pdf
Make Your Bed,Self-Improvement,https://www.arlingtonschools.org/site/handlers/filedownload.ashx?moduleinstanceid=29196&dataid=32245&FileName=ELA_Make%20your%20bed%20.pdf
The Miracle Morning,Self-Improvement,https://trans4mind.com/download-pdfs/The%20Miracle%20Morning.pdf
The Gifts of Imperfection,Self-Improvement,https://ati.dae.gov.in/ati12052021_4.pdf
The Compound Effect,Self-Improvement,http://digitallibrary.loyolacollegekerala.edu.in:8080/jspui/bitstream/123456789/2154/1/The%20Compound%20Effect%20-%20Darren%20hardy.pdf
The Slight Edge,Self-Improvement,https://givbuxuniversity.com/wp-content/uploads/2021/03/The-Slight-Edge-Jeff-Olson.pdf
Awaken the Giant Within,Self-Improvement,https://teacherspage.wordpress.com/wp-content/uploads/2012/05/awaken-the-giant-within-anthony-robbins1.pdf
The Motivation Manifesto,Self-Improvement,https://thebusinessleadership.academy/wp-content/uploads/2017/10/The-Motivation-Manifesto.pdf
Tools of Titans,Self-Improvement,https://www.spitt2288.name/app/download/5106384/Tools+of+Titans+-+Timothy+Ferriss.pdf
Discipline Equals Freedom,Self-Improvement,https://events.echelonfront.com/wp-content/uploads/2022/07/DEF-Challenge-Instrcutions-compressed.pdf
Start with Why,Self-Improvement,https://www.earthgifts.com.au/ebook/simon-sinek-start-with-why.pdf
Who Moved My Cheese?,Self-Improvement,https://ati.dae.gov.in/ati12052021_7.pdf
High Performance Habits,Self-Improvement,https://beyondbetterclub.com/wp-content/uploads/2020/05/high-performance-habits-.pdf
Limitless,Self-Improvement,https://dn790008.ca.archive.org/0/items/limitless-upgrade-your-brain-jim-kwik/Limitless_%20Upgrade%20Your%20Brain%2C%20-%20Jim%20Kwik.pdf
Grit,Motivation,https://www.apa.org/pubs/journals/features/edu-edu0000594.pdf
The Magic of Thinking Big,Motivation,https://cdn.bookey.app/files/pdf/book/en/the-magic-of-thinking-big.pdf
Start With Why,Motivation,https://www.earthgifts.com.au/ebook/simon-sinek-start-with-why.pdf
Mindset,Motivation,https://adrvantage.com/wp-content/uploads/2023/02/Mindset-The-New-Psychology-of-Success-Dweck.pdf
Awaken the Giant Within,Motivation,https://teacherspage.wordpress.com/wp-content/uploads/2012/05/awaken-the-giant-within-anthony-robbins1.pdf
The Power of Positive Thinking,Motivation,https://daruindvoidobandi.wordpress.com/wp-content/uploads/2014/02/the_power_of_positive_thinking.pdf
The War of Art,Motivation,https://www.heroines-project.eu/wp-content/uploads/2021/07/The-war-of-art-by-Robert-Pressfield.pdf
Limitless,Motivation,https://dn790008.ca.archive.org/0/items/limitless-upgrade-your-brain-jim-kwik/Limitless_%20Upgrade%20Your%20Brain%2C%20-%20Jim%20Kwik.pdf
The Motivation Manifesto,Motivation,https://thebusinessleadership.academy/wp-content/uploads/2017/10/The-Motivation-Manifesto.pdf
Drive,Motivation,https://drive.gov.in/static/assets/UserManual.pdf
12 Rules for Life,Life Lessons,https://nasihah.net/wp-content/uploads/books/12-Rules-for-Life.pdf
Tuesdays with Morrie,Life Lessons,https://myaccount.inspiruseducation.com/wp-content/uploads/2022/02/Tuesdays-With-Morrie-Mitch-Albom.pdf
The Last Lecture,Life Lessons,http://www.palliativecare.in/wp-content/uploads/2022/04/The-Last-Lecture.pdf
The Alchemist,Life Lessons,https://icrrd.com/public/media/15-05-2021-084550The-Alchemist-Paulo-Coelho.pdf
The Art of Happiness,Life Lessons,https://librarykvbina.home.blog/wp-content/uploads/2019/12/the-art-of.pdf
The Little Prince,Life Lessons,https://blogs.ubc.ca/edcp508/files/2016/02/TheLittlePrince.pdf
The Four Agreements,Life Lessons,https://media.cmsmax.com/6j0m187z6e9h2yqesif6w/the-four-agreements-by-don-miguel-ruiz.pdf
The Book of Joy,Life Lessons,https://ia800500.us.archive.org/18/items/KnowThyselfAGuideToABetterLife/%5BDalai_Lama%2C_Desmond_Tutu%2C_Douglas_Carlton_Abrams%5D_The_Book_of_Joy.pdf
Life's Amazing Secrets,Life Lessons,http://tongaatsecondary.co.za/gallery/Life%E2%80%99s%20Amazing%20Secrets.pdf
Big Magic,Life Lessons,https://humanhomework.files.wordpress.com/2015/12/big-magic-elizabeth-gilbert2.pdf
Deep Work,Productivity,https://writemac.com/wp-content/uploads/2021/06/Deep-Work-by-Cal-Newport.pdf
The 5 AM Club,Productivity,https://librarykvemebrd.files.wordpress.com/2019/04/the-5-am-club.pdf
Eat That Frog!,Productivity,https://irp-cdn.multiscreensite.com/11fc3335/files/uploaded/Eat%20That%20Frog%21%2021%20Great%20Ways%20to%20Stop%20Procrastinating%20and%20Get%20More%20Done%20in%20Less%20Time%20%28%20PDFDrive%20%29.pdf
Essentialism,Productivity,https://heream.files.wordpress.com/2017/12/greg-mckeown-essentialism-the-disciplined-pursuit.pdf
The One Thing,Productivity,https://drzaban.com/wp-content/uploads/2017/08/The-One-Thing.pdf
Getting Things Done,Productivity,https://inspiredbyislam.wordpress.com/wp-content/uploads/2022/08/getting-things-done-the-art-of-stress-free-productivity-david-allen-z-lib.org_.pdf
Hyperfocus,Productivity,"https://archive.org/download/hyperfocus-the-new-science-of-attention-productivity-and-creativity-pdfdrive/Hyperfocus%20The%20New%20Science%20of%20Attention,%20Productivity,%20and%20Creativity%20(%20PDFDrive%20).pdf"
168 Hours,Productivity,https://lauravanderkam.com/wp-content/uploads/2018/04/30-Min-Timesheet-168-Hours-v2.pdf
The Productivity Project,Productivity,https://privateschools.wickedlocal.com/files/textbooks/Resources:L0C1/download/The_Productivity_Project_Chris_Bailey.pdf
Smarter Faster Better,Productivity,https://charlesduhigg.com/wp-content/uploads/2025/01/Smarter-Faster-Better-Chapter-Three.pdf
The Body Keeps the Score,Trauma,https://traumaresearchfoundation.org/wp-content/uploads/2022/01/Book-Club-Study-Guide_compressed.pdf
Waking the Tiger,Trauma,https://med-fom-learningcircle.sites.olt.ubc.ca/files/2015/04/Waking-the-Tiger.pdf
It Didn't Start with You,Trauma,https://cdn.bookey.app/files/pdf/book/en/it-didn't-start-with-you.pdf
Complex PTSD: From Surviving to Thriving,Trauma,https://notability.com/g/download/pdf/Q6bWJMpd4NPNACpEsRa3K/Complex%20PTSD:%20From%20Surviving%20to%20Thriving.pdf
Trauma and Recovery,Trauma,https://beyondthetemple.com/wp-content/uploads/2018/04/herman_trauma-and-recovery-1.pdf
In the Realm of Hungry Ghosts,Trauma,https://thezeitgeistmovement.se/files/In_the_Realm_of_Hungry_Ghosts_-_Gabor_Mate__M.D_.pdf
Healing the Shame That Binds You,Trauma,https://creativegrowth.com/wp-content/uploads/2017/10/bradshaw_shame-1.pdf
The Deepest Well,Trauma,https://bjgp.org/content/bjgp/72/717/182.full.pdf
Meditations,Philosophy,https://www.maximusveritas.com/wp-content/uploads/2017/09/Marcus-Aurelius-Meditations.pdf
The Republic,Philosophy,https://www.sciencetheearth.com/uploads/2/4/6/5/24658156/plato_-_the_republic.pdf
Thus Spoke Zarathustra,Philosophy,https://www2.hawaii.edu/~freeman/courses/phil394/Thus%20Spoke%20Zarathustra.pdf
Beyond Good and Evil,Philosophy,https://www.holybooks.com/wp-content/uploads/Nietzsche-Beyond-Good-and-Evil.pdf
Tao Te Ching,Philosophy,https://docdrop.org/download_annotation_doc/-Perennial-Classics-Lao-Tzu-Stephen-Mitchell---Tao-Te-Ching_-A-New-English-Version-Harper-Perennial-Modern-Classics-2006-2-4--pDMw9.pdf
The Art of War,Philosophy,https://sites.ualberta.ca/~enoch/Readings/The_Art_Of_War.pdf
The Ethics,Philosophy,https://www.distanceeducationju.in/pdf/BA%20Sem%20III%20Course%20No%20PL-301%20Philosophy.pdf
Letters from a Stoic,Philosophy,https://hillelettersfromstoic.files.wordpress.com/2014/10/letters-from-a-stoic_lucius-annaeus-seneca.pdf
Critique of Pure Reason,Philosophy,https://cpb-us-w2.wpmucdn.com/u.osu.edu/dist/5/25851/files/2017/09/kant-first-critique-cambridge-1m89prv.pdf
Sophie's World,Philosophy,https://www.rcboe.org/cms/lib/GA01903614/Centricity/Domain/2820/sophies%20world%20full%20text.pdf
The Brain That Changes Itself,Neuroscience,https://yurttutan.info/wp-content/uploads/2017/12/Doidge-Brain-Changes-Itself.pdf
How the Brain Works,Neuroscience,https://people.musc.edu/~woodward/How%20Our%20Brain%20Works.pdf
Incognito,Neuroscience,https://www.frostburg.edu/information-technology/_files/pdf/help-desk/how-to-open-a-private-or-incognito-browser-window.pdf
The Man Who Mistook His Wife for a Hat,Neuroscience,https://web.arch.virginia.edu/arch542/docs/reading/sackspdf/sacksvl.pdf
Connectome,Neuroscience,https://www.humanbrainmapping.org/files/2016/ED/Fornito_OHBM-June_2016.pdf
The Emotional Brain,Neuroscience,https://stanford.edu/~knutson/ans/dalgleish04.pdf
The Female Brain,Neuroscience,https://faculty.washington.edu/lynnhank/wbgould.pdf
How Emotions Are Made,Neuroscience,https://jyotsnabooks.files.wordpress.com/2017/12/how-emotions-are-made-the-secret-life-of-the-brain.pdf
The Power of Now,Spirituality,https://ati.dae.gov.in/ati12052021_6.pdf
A New Earth,Spirituality,https://www.ikhtyar.org/wp-content/uploads/2014/06/eckhart-tolle-a-new-earth.pdf
The Untethered Soul,Spirituality,https://spjnewswire.jrn.columbia.edu/display?textid=D96h302&FilesData=The_Untethered_Soul_The_Journey_Beyond_Yourself_By_Michael_A_Singer.pdf
The Seat of the Soul,Spirituality,https://blog.umamaya.com/wp-content/gold/Esoteric/The_Seat_of_the_Soul.pdf
The Bhagavad Gita,Spirituality,https://www.dlshq.org/download2/bgita.pdf
The Tao of Pooh,Spirituality,https://biggsrbr.weebly.com/uploads/8/7/4/4/8744974/the-tao-of-pooh-by-benjamin-hoff1.pdf
The Book,Spirituality,https://dpvipracollege.ac.in/wp-content/uploads/2023/01/Proofs-from-THE-BOOK-PDFDrive-.pdf
The Seven Spiritual Laws of Success,Spirituality,https://taxuna.wordpress.com/wp-content/uploads/2015/11/deepak-chopra-the-7-laws-of-success.pdf
Be Here Now,Spirituality,https://www.yoga.quest/pdf/Be-Here-Now.pdf
Conversations with God,Spirituality,https://www.law-of-attraction-haven.com/support-files/cwg-1.pdf
It Ends With Us,Love/Breakup,https://icrrd.com/public/media/15-05-2021-052358It-Ends-with-Us.pdf
It Starts With Us,Love/Breakup,https://d1hbl61hovme3a.cloudfront.net/assets_us/88522---it-starts-with-us-excerpt.pdf
The Fault in Our Stars,Love/Breakup,https://spensabayalibrary.files.wordpress.com/2016/04/the-fault-in-our-stars.pdf
Me Before You,Love/Breakup,https://icrrd.com/public/media/14-05-2021-091024Me-Before-You.pdf
After,Love/Breakup,https://www.apsu.edu/writingcenter/writing-resources/In-Of-At-To-From-After-Which.pdf
Call Me by Your Name,Love/Breakup,https://sonyclassics.com/awards-information/screenplays/callmebyyourname_screenplay-20171206.pdf
The Notebook,Love/Breakup,https://nicholassparks.com/wp-content/uploads/2022/09/excerpt-1.1996.10-the-notebook.pdf
Ugly Love,Love/Breakup,https://www.junkybooks.com/administrator/thebooks/62fec2186328f-ugly-love.pdf
Reminders of Him,Love/Breakup,https://spjnewswire.jrn.columbia.edu/IDtrack?dataid=B93q095&FilesData=Reminders_Of_Him_A_Novel_By_Colleen_Hoover.pdf
November 9,Love/Breakup,https://spjnewswire.jrn.columbia.edu/locs?pdfid=H96j399&FilesData=November_9_A_Novel_By_Colleen_Hoover.pdf
Eleanor & Park,Love/Breakup,https://uglynikki.files.wordpress.com/2013/07/eleanor-and-park.pdf
Normal People,Love/Breakup,http://marul.ffst.hr/~bwillems/fymob/npsr.pdf
Love and Other Words,Love/Breakup,https://translate68.ir/wp-content/uploads/Love-and-Other-Words-.pdf
A Thousand Boy Kisses,Love/Breakup,https://s1.papyruspub.com/files/demos/products/ebooks/novels/romance/Preview-A-Thousand-Boy-Kisses-by-Tillie-Cole.pdf
We Were Liars,Love/Breakup,https://posterspageturners.wordpress.com/wp-content/uploads/2017/04/we_were_liars.pdf
Maybe Someday,Love/Breakup,https://cdn.bookey.app/files/pdf/book/en/maybe-someday.pdf
The Rosie Project,Love/Breakup,http://downloads.bbc.co.uk/radio2/shows/simon-mayo/rosie-project.pdf
All the Bright Places,Love/Breakup,https://icrrd.com/public/media/15-05-2021-042220All-the-Bright-Places-Jennifer-Niven.pdf
Beach Read,Love/Breakup,https://pwc.res.zabanshenas.ir/Beach_Read_Emily_Henry_Henry_Emily_Z_Library_cc908a5bb5.pdf
People We Meet on Vacation,Love/Breakup,https://atwtravelers.com/wp-content/uploads/2023/07/People-We-Meet-on-Vacation-Emily-Henry-Z-Library.pdf
Love in the Time of Cholera,Love/Breakup,https://giove.isti.cnr.it/demo/eread/Libri/sad/LoveInTheTimeOfCholera.pdf
The Time Traveler's Wife,Love/Breakup,https://avalonlibrary.net/ebooks/Audrey%20Niffenegger%20-%20The%20Time%20Traveler%27s%20Wife.pdf
Dear John,Love/Breakup,http://www.kkoworld.com/kitablar/Nikolas_Sparks_Sevimli_Con_eng.pdf
The Hating Game,Love/Breakup,https://stmichaelshigh.education/storage/2023/07/The-Hating-Game-Sally-Thorne-z-lib.org_.pdf
Beautiful Disaster,Love/Breakup,https://image.wisedecor.com/primo-explore/uploaded-files/books/beautiful_disaster_a_novel_beautiful_disaster_series.pdf
Before We Were Strangers,Love/Breakup,https://cdn.bookey.app/files/pdf/book/en/before-we-were-strangers.pdf
Every Day,Love/Breakup,https://jai-bharat.in/ebooks/fiction/General_Novels/Every%20Day.pdf
Option B,Healing/Grief,https://keralauniversity.ac.in/downloads/6new1567763253.pdf
When Breath Becomes Air,Healing/Grief,https://i-lib.imu.edu.my/pluginfile.php/533/mod_resource/content/3/When_Breath_Becomes_Air_By_Paul_Kalanithi_%28z-lib.org%29.pdf
Healing After Loss,Healing/Grief,https://patientinfo.org.au/patientinfo/HealingAfterLoss_V2_2019.pdf
It's OK That You're Not OK,Healing/Grief,https://speakinggrief.org/assets/pdf/ItsOKThatYourNotOK_AnxietyExcerpt.pdf
A Grief Observed,Healing/Grief,https://www.snyderfuneralhomes.com/Content/Media/SnyderFuneralHome/C-S-Lewis-A-Grief-Observed.pdf
Tuesdays with Morrie,Healing/Grief,https://myaccount.inspiruseducation.com/wp-content/uploads/2022/02/Tuesdays-With-Morrie-Mitch-Albom.pdf
Grieving Mindfully,Healing/Grief,https://cdn.bookey.app/files/pdf/book/en/grieving-mindfully.pdf
The Art of Losing,Healing/Grief,https://www.cgcs.org/cms/lib/dc00001581/centricity/domain/25/coleman_poem_one_art.pdf
Bearing the Unbearable,Healing/Grief,https://wisdomexperience.org/wp-content/uploads/2019/10/Bearing-the-Unbearable-Lesson-6-Reading.pdf
Atomic Habits,Habit Building,https://archive.org/download/atomic-habits-pdfdrive/Atomic%20habits%20%28%20PDFDrive%20%29.pdf
The Power of Habit,Habit Building,https://hoormazd.com/wp-content/uploads/2018/12/The-Power-of-Habit-Charles-Duhigg.pdf
Tiny Habits,Habit Building,https://tinyhabits.com/wp-content/uploads/2021/02/The-Official-Tiny-Habits-Toolkit-by-BJ-Fogg-Paperback-Edition.pdf
Better Than Before,Habit Building,https://gretchenrubin.com/wp-content/uploads/2016/06/Better-Than-Before-Sample-Chapter-Gretchen-Rubin.pdf
Mindset,Habit Building,https://adrvantage.com/wp-content/uploads/2023/02/Mindset-The-New-Psychology-of-Success-Dweck.pdf
Make Your Bed,Habit Building,https://www.arlingtonschools.org/site/handlers/filedownload.ashx?moduleinstanceid=29196&dataid=32245&FileName=ELA_Make%20your%20bed%20.pdf
High Performance Habits,Habit Building,https://beyondbetterclub.com/wp-content/uploads/2020/05/high-performance-habits-.pdf
Mini Habits,Habit Building,https://minihabits.com/wp-content/uploads/2016/05/Mini-Habits-Free-Chapter.pdf
The Compound Effect,Habit Building,http://digitallibrary.loyolacollegekerala.edu.in:8080/jspui/bitstream/123456789/2154/1/The%20Compound%20Effect%20-%20Darren%20hardy.pdf
Deep Work,Habit Building,https://writemac.com/wp-content/uploads/2021/06/Deep-Work-by-Cal-Newport.pdf
The Six Pillars of Self-Esteem,Confidence/Self-Esteem,https://dn790006.ca.archive.org/0/items/TheSixPillarsOfSelfEsteem_201811/The-Six-Pillars-of-Self-Esteem.pdf
The Confidence Gap,Confidence/Self-Esteem,https://cdn.starwebserver.se/shops/mateodanielssonhc/files/the-confidence-gap-33.pdf
The Gifts of Imperfection,Confidence/Self-Esteem,https://ati.dae.gov.in/ati12052021_4.pdf
You Are a Badass,Confidence/Self-Esteem,https://booksnsstuff.wordpress.com/wp-content/uploads/2019/03/you-are-a-badass_-how-to-stop-doubting-your-greatness-and-start-living-an-awesome-life-pdfdrive.com-.pdf
Daring Greatly,Confidence/Self-Esteem,http://site.ieee.org/sb-nhce/files/2021/06/Brene-brown-book1.pdf
Feel the Fear and Do It Anyway,Confidence/Self-Esteem,https://web.iitd.ac.in/~prbijwe/Book_Abstracts/Feel%20The%20Fear%20and%20Do%20It%20Anyway.pdf
Self-Compassion,Confidence/Self-Esteem,https://self-compassion.org/wp-content/uploads/publications/SCtheoryarticle.pdf
What to Say When You Talk to Your Self,Confidence/Self-Esteem,https://irp.cdn-website.com/6b820530/files/uploaded/What%20to%20Say%20When%20you%20Talk%20To%20Yourself.pdf
Unfu*k Yourself,Confidence/Self-Esteem,https://icrrd.com/public/media/16-05-2021-052320Unfuck-Yourself-Gary-John-Bishop.pdf
Emotional Intelligence,Emotional Intelligence,https://www.cu.edu/sites/default/files/EI%20Participant%20Guide%20Updated%202015.pdf
EQ Applied,Emotional Intelligence,https://www.6seconds.org/wp-content/uploads/2012/02/EQC_Mumbai_April_2012.pdf
The Language of Emotions,Emotional Intelligence,https://d29ab4jczcfgm5.cloudfront.net/samples/pdf/BK06606-Language-of-Emotions-Web-Sample.pdf
Permission to Feel,Emotional Intelligence,https://wasa-oly.org/WASA/images/WASA/5.0%20Professional%20Development/4.2%20Conference%20Resources/Winter/2022/Brackett_WASA_12_6_22.pdf
Emotional Agility,Emotional Intelligence, https://github.com/Uvais5/Health-end-to-end-project/blob/main/susan-david-emotional-agility-get-susan-david-unstuck-embrace-change-and-thrive-in-work-and-life-penguin-books-2016-9780241976579_compress.pdf
The Emotional Life of Your Brain,Emotional Intelligence,https://github.com/Uvais5/Health-end-to-end-project/blob/main/The%20Emotional%20Life%20of%20Your%20Brain%20(%20PDFDrive%20).pdf
How Emotion Are Made,Emotional Intelligence,https://jyotsnabooks.wordpress.com/wp-content/uploads/2017/12/how-emotions-are-made-the-secret-life-of-the-brain.pdf
Atlas of the Heart,Emotional Intelligence,https://www.books1.co.uk/pdf-read/BA/Atlas-of-the-Heart.pdf
The Emotionally Intelligent Leader,Emotional Intelligence,https://eqhq.net.au/__static/b92d9ef93fc949d8c3741aa434e237ce/e-book_the-emotionally-intelligent-leader.pdf
The EQ Difference,Emotional Intelligence,https://d3iqwsql9z4qvn.cloudfront.net/wp-content/uploads/sites/5/2023/06/30085635/The-EQ-Difference-Audiobook-PDF.pdf
Emotions Explained,Emotional Intelligence,https://online.uwa.edu/wp-content/uploads/2019/04/Science-of-Emotion-Guide-UWA.pdf
Forgiving What You Can't Forget,Forgiveness,https://p31obs.s3.amazonaws.com/FWYCF/first2chaptersFWYCF.pdf
The Book of Forgiving,Forgiveness,https://samaritan-counseling.com/docs/resources/reports/the-book-of-forgiving-summary.pdf
Radical Forgiveness,Forgiveness,https://lightspree-houston.s3-accelerate.amazonaws.com/2021/03/FIVE-STAGES-OF-Radical-Forgiveness.pdf
The Forgiveness Project,Forgiveness,https://theforgivenessproject.com/wp-content/uploads/2020/04/The-Forgiveness-Project_Tool-Box_Ch.-28_Forgiveness-and-Reconciliation.pdf
Why Forgive?,Forgiveness,http://www.ntslibrary.com/PDF%20Books/WhyForgive.pdf
How Can I Forgive You?,Forgiveness,https://media.wickedlocal.com/files/textbook-solutions/Sitewide:M3B0/fetch.php/How_Can_I_Forgive_You.pdf
Total Forgiveness,Forgiveness,https://www.alisonmorgan.co.uk/Books/Kendall%202001%20Forgiveness.pdf
Choosing Forgiveness,Forgiveness,https://df6yevl24pl4a.cloudfront.net/filer_public/0b/28/0b28be58-16cc-4efa-a3d8-8f9778a48727/choosingforgivenessleaderguide.pdf
The Sunflower,Forgiveness,https://plants.usda.gov/DocumentLibrary/plantguide/pdf/pg_hean3.pdf
Let It Go,Forgiveness,https://www.voorhees.k12.nj.us/cms/lib/NJ01000237/Centricity/Domain/5694/Frozen%20Let%20it%20Go%20-%20Copy.pdf
Attached,Relationships,https://www.mofa.go.jp/files/000470547.pdf
The 5 Love Languages,Relationships,https://consult.ui.ac.ir/Dorsapax/userfiles/Sub24/5zbaneshgh.pdf
Hold Me Tight,Relationships,https://www.relating.co.za/wp-content/uploads/2013/07/Hold-Me-Tight-article.pdf
"Men Are from Mars, Women Are from Venus",Relationships,http://users.isr.ist.utl.pt/~wurmd/Livros/Men%20Are%20From%20Mars%20Women%20Are%20From%20Venus.pdf
Mating in Captivity,Relationships,http://philoctetes.org/documents/Mating%20in%20Captivity.pdf
The Seven Principles for Making Marriage Work,Relationships,https://relationshipinstitute.com.au/uploads/resources/the_seven_principles_for_making_marriage_work_summary.pdf
Love Sense,Relationships,https://www.lbrubacher.com/wp/wp-content/uploads/Love_Sense-_Review_from_TFP.pdf
Getting the Love You Want,Relationships,https://www.paolocirio.net/work/amazon-noir/amazon-noir-books/AMAZON-NOIR--Getting_the_Love_You_Want__A_Guide_for_Couples--By--Harville_Hendrix--0805068953.pdf
Come As You Are,Relationships,http://www.petesguitar.co.uk/pdf/Come%20As%20You%20Are%20-%20G1.pdf
Nonviolent Communication,Relationships,https://ccpgc.usmf.md/sites/default/files/inline-files/Nonviolent%20Communication_%20A%20Language%20of%20Life_%20Life-Changing%20Tools%20for%20Healthy%20Relationships%20%28%20PDFDrive%20%29.pdf
